opening_hours,city,creation_date,data_id,street,email,phone_number,name,lat,lon
12:00-23:00,San Francisco,10/15/17 20:34,268,Bayside Village Pl,rods_1890s_ranch_house@inbox.com,0499-121761,Rods 1890s Ranch House,37.7844191,-122.3901329
12:00-23:00,San Francisco,3/23/18 8:41,337,Leona Terrace,southern_railway@hotmail.com,0496-657871,Southern Railway,37.7831344,-122.4445421
12:00-23:00,San Francisco,7/7/17 5:10,162,Winn Way - Golden Gate National Recreation Area,associates_of_the_enginer_corps_and_company_k@gmail.com,0495-143410,Associates Of The Enginer Corps And Company K,None,None
12:00-23:00,San Francisco,8/7/17 16:57,193,Burgoyne St,the_cleveland_bankers@yahoo.com,0496-641689,The Cleveland Bankers,37.795217,-122.4169384
12:00-23:00,San Francisco,7/7/17 10:37,163,Carl St,the_streamliner@gmail.com,0495-160486,The Streamliner,37.7652534,-122.4543235
12:00-23:00,San Francisco,3/28/18 15:16,338,Pond St,lucullus_club@inbox.com,0496-986245,Lucullus Club,37.7632599,-122.4322001
12:00-23:00,San Francisco,12/11/17 21:56,297,Flournoy St,club_31@inbox.com,0499-540935,Club 31,37.7086054,-122.4618347
12:00-23:00,San Francisco,9/25/17 15:42,255,Latona St,toyo_kisen_kaisha__hong_kong_maru@hotmail.com,0498-994404,Toyo Kisen Kaisha  Hong Kong Maru,37.7316779,-122.3925461
12:00-23:00,San Francisco,9/16/17 10:18,245,Loomis St,veteran_corps_of_artillery_military_society_of_the_war_of_1812@outlook.com,0495-562736,Veteran Corps Of Artillery Military Society Of The War Of 1812,37.7403887,-122.4054461
12:00-23:00,San Francisco,3/7/18 23:56,332,Lake Merced Hill S St,cf_wetzel@hotmail.com,0498-319369,C.F. Wetzel,37.709239,-122.4848472
12:00-23:00,San Francisco,8/7/17 13:00,192,Marine Dr,harrys_bar@aol.com,0494-616328,Harrys Bar,37.8092483,-122.47567
12:00-23:00,San Francisco,4/27/17 22:10,39,Forest Knolls Dr,long_island_business_college_hall@gmail.com,0496-359481,Long Island Business College Hall,37.7557157,-122.455363
12:00-23:00,San Francisco,7/7/17 17:51,164,Urbano Dr,brooklyn_democratic_club@yahoo.com,0496-931729,Brooklyn Democratic Club,37.7240354,-122.4632264
12:00-23:00,San Francisco,10/20/17 7:41,271,Fresnel Way,seventh_masonic_district@mail.com,0496-040228,Seventh Masonic District,37.8092721,-122.3613287
12:00-23:00,San Francisco,9/30/17 16:39,261,Codman Pl,salle_hotel@gmail.com,0498-575430,Salle Hotel,37.7946459,-122.4100707
12:00-23:00,San Francisco,9/28/17 17:21,258,Donahue St,san_souci___beverly_wilshire_hotel@mail.com,0499-679087,San Souci   Beverly Wilshire Hotel,37.7156712,-122.3819528
12:00-23:00,San Francisco,9/11/17 3:08,240,Moneta Way,the_pabst@yahoo.com,0497-859751,The Pabst,37.712575,-122.450439
12:00-23:00,San Francisco,4/7/18 5:21,340,Quintara St,18th_club@outlook.com,0494-267745,18th Club,37.74789,-122.4933756
12:00-23:00,San Francisco,6/15/17 5:52,132,Manor Dr,karl_ratzschs@hotmail.com,0498-457437,Karl Ratzschs,37.7282574,-122.464081
12:00-23:00,New York,10/21/17 20:50,273,Bowl Dr,nipppon_yusen_kaisha___ss_kobe_maru@aol.com,0495-365711,Nipppon Yusen Kaisha   S.S. Kobe Maru,41.94949515,-73.98978628148714
12:00-23:00,New York,3/3/18 23:33,328,Emmet Ct,explorers_club___arctic_club@yahoo.com,0498-853282,Explorers Club   Arctic Club,None,None
12:00-23:00,San Francisco,6/28/17 16:26,149,Faxon Ave,union_pacific__railroad@inbox.com,0495-218313,Union Pacific  Railroad,37.7250783,-122.4599388
12:00-23:00,San Francisco,5/13/17 10:36,70,Incinerator Rd,winthrop_hotel@hotmail.com,0498-308091,Winthrop Hotel,37.801385,-122.4658732
12:00-23:00,San Francisco,12/6/17 20:14,294,Bird St,american_spool_cotton_manufacturers_association@hotmail.com,0497-515464,American Spool Cotton Manufacturers Association,37.7622635,-122.422538
12:00-23:00,San Francisco,1/23/18 11:23,314,Beale St,willards_hotel@inbox.com,0499-396148,Willards Hotel,37.7912359,-122.3959205
12:00-23:00,San Francisco,6/15/17 21:28,134,Ashwood Ln,the_upholstey_and_allied_trades@yahoo.com,0499-348306,The Upholstey And Allied Trades,37.7534172,-122.4572702
12:00-23:00,San Francisco,7/14/17 5:42,171,Edith St,century_club?@inbox.com,0498-662968,Century Club?,37.8027607,-122.4089226
12:00-23:00,San Francisco,5/16/17 5:04,78,Haight St,amity_hall_inn@inbox.com,0497-081463,Amity Hall Inn,37.7692388,-122.4530413
12:00-23:00,San Francisco,5/30/17 7:49,102,Lincoln Way,library_room@aol.com,0496-312433,Library Room,37.7645991,-122.4956097
12:00-23:00,San Francisco,2/2/18 7:28,317,Leona Terrace,mills_hotel@gmail.com,0496-313456,Mills Hotel,37.7831344,-122.4445421
12:00-23:00,San Francisco,4/28/17 14:52,41,S Hughes Ln - Golden Gate National Recreation Area,bert_hough_&_tony_franker___pabst_blue_ribbon@gmail.com,0498-587830,Bert Hough & Tony Franker   Pabst Blue Ribbon,None,None
12:00-23:00,San Francisco,4/26/17 18:19,36,Clover St,friends_of_hanthony_dyer@gmail.com,0495-277891,Friends Of H.Anthony Dyer,37.7596739,-122.4415182
12:00-23:00,San Francisco,7/1/18 14:30,359,Sansome St,the_ballroom_of_the_hotel_plaza@yahoo.com,0494-478153,The Ballroom Of The Hotel Plaza,37.8003953,-122.4026366
12:00-23:00,San Francisco,6/16/17 3:47,136,Doublerock St,brasserie_dalsace@mail.com,0495-312358,Brasserie Dalsace,None,None
12:00-23:00,San Francisco,12/8/17 11:00,295,Fresnel Way,liptons_restaurant@mail.com,0499-421579,Liptons Restaurant,37.8092721,-122.3613287
12:00-23:00,San Francisco,4/23/17 6:01,30,Harrison St,comrades_of_the_army_of_the_potomac@gmail.com,0494-503010,Comrades Of The Army Of The Potomac,37.7700068,-122.4131192
12:00-23:00,San Francisco,12/15/17 1:35,300,Tucker Ave,dr_h_g_sherman@hotmail.com,0496-897141,Dr. H. G. Sherman,37.7159384,-122.4059232
12:00-23:00,San Francisco,10/23/17 7:36,275,Meadowbrook Dr,hamburg_america_line@outlook.com,0495-118669,Hamburg America Line,37.732321,-122.4845323
12:00-23:00,San Francisco,12/8/18 1:04,399,John F Kennedy Dr,santa_fe_dining_car_service@yahoo.com,0496-559782,Santa Fe Dining Car Service,37.7709862,-122.4567933
12:00-23:00,San Francisco,7/3/17 13:43,159,Avenue M,restaurant_faberhof@outlook.com,0494-730473,Restaurant Faberhof,37.8219685,-122.3647556
12:00-23:00,San Francisco,8/15/17 6:47,204,Knott Ct,dante@inbox.com,0498-723637,Dante,37.7091083,-122.4409069
12:00-23:00,New York,6/15/18 7:26,356,Avenue C,society_of_colonial_wars_in_state_of_new_jersey@inbox.com,0499-532891,Society Of Colonial Wars In State Of New Jersey,40.720779,-73.9812617
12:00-23:00,New York,6/10/18 19:58,353,Tenny Pl,sheraton_blackstone_chicago@inbox.com,0497-637785,Sheraton Blackstone Chicago,None,None
12:00-23:00,San Francisco,4/17/17 4:22,24,Cordelia St,greenhuts_lunch_room_at_18th_and_19th_streets@outlook.com,0497-157694,Greenhuts Lunch Room at 18th and 19th Streets.,37.7974935,-122.4090343
12:00-23:00,San Francisco,7/26/17 8:00,183,Italy Ave,yale_alumni_association@mail.com,0498-591241,Yale Alumni Association,37.7165755,-122.4355516
12:00-23:00,San Francisco,5/19/17 10:57,84,Beacon St,au_chat_noir@hotmail.com,0495-777151,Au Chat Noir,37.740838,-122.432936
12:00-23:00,San Francisco,6/3/17 6:10,111,Mansfield St,pennsylvania_tours_to_the_golden_gate@hotmail.com,0499-240382,Pennsylvania Tours To The Golden Gate,37.7238752,-122.4238589
12:00-23:00,San Francisco,12/12/17 7:40,298,San Marcos Ave,grand_union_hotel@inbox.com,0494-309588,Grand Union Hotel,37.7468253,-122.4654674
12:00-23:00,San Francisco,4/24/17 5:24,33,Sunview Dr,tower_restaurant_and_cafe@yahoo.com,0496-446296,Tower Restaurant And Cafe,37.747247,-122.446444
12:00-23:00,San Francisco,4/30/17 6:32,45,Reservoir Rd,usgovernment@gmail.com,0499-531905,U.S.Government,37.80975875,-122.3658192981293
12:00-23:00,San Francisco,8/18/18 4:18,373,Ocean Ave,friends_of_mr_charles_a_brunn@mail.com,0495-857428,Friends Of Mr. Charles A. Brunn,37.7229141,-122.4483883
12:00-23:00,San Francisco,9/19/17 11:30,250,Annie St,western_reserve_university@mail.com,0498-266434,Western Reserve University,37.787285,-122.401872
12:00-23:00,San Francisco,4/22/17 9:33,28,Burke Ave,society_of_medical_jurisprudence@hotmail.com,0495-967704,Society Of Medical Jurisprudence,37.7443504,-122.3858741
12:00-23:00,San Francisco,9/1/17 6:20,226,Elm St,waldorf_astoria_hotel@hotmail.com,0494-718497,Waldorf Astoria Hotel,37.7794841,-122.436422
12:00-23:00,San Francisco,7/25/18 6:16,365,Calgary St,frederik_viii@hotmail.com,0498-505329,Frederik Viii,37.7088809,-122.4159924
12:00-23:00,San Francisco,2/9/18 10:16,321,Laurel St,hotel_de_la_tremoille@aol.com,0496-792550,Hotel De La Tremoille,37.7886491,-122.4504985
12:00-23:00,San Francisco,12/6/17 17:21,293,Flournoy St,"russell_house,the@aol.com",0496-624597,"Russell House,The",37.7086054,-122.4618347
12:00-23:00,San Francisco,11/23/18 4:42,393,Southard Pl,friends_of_geo_w_gardner@hotmail.com,0499-673234,Friends Of Geo W. Gardner,37.8011191,-122.4190783
12:00-23:00,San Francisco,4/15/17 13:05,21,Bosworth St,ss_bruce@inbox.com,0495-086825,S.S. Bruce,37.7332038,-122.4324315
12:00-23:00,San Francisco,4/13/17 12:08,16,Harrison Blvd - Golden Gate National Recreation Area,henri_confiseur@inbox.com,0499-393361,Henri Confiseur,None,None
12:00-23:00,San Francisco,6/15/17 7:41,133,Nevada St,the_guaranty_club@yahoo.com,0495-732270,The Guaranty Club,37.7400803,-122.4113526
12:00-23:00,San Francisco,6/24/17 3:16,147,Cabrillo St,international_railway_congress@hotmail.com,0494-344541,International Railway Congress,37.7751274,-122.469243
12:00-23:00,San Francisco,6/11/18 19:41,354,Bush St,orpheus_masquerade@hotmail.com,0499-888462,Orpheus Masquerade,37.7906729,-122.4047879
12:00-23:00,San Francisco,6/11/17 5:52,120,Nike Rd,royal_literary_fund@mail.com,0494-481828,Royal Literary Fund,37.7572729,-122.4579215
12:00-23:00,San Francisco,6/22/17 7:40,144,Lloyd St,municipal_art_society@inbox.com,0499-650581,Municipal Art Society,37.7697745,-122.4360966
12:00-23:00,San Francisco,5/27/17 7:06,96,Kenwood Way,mckees_restaurant@inbox.com,0495-516587,McKees Restaurant,37.7280605,-122.4628968
12:00-23:00,San Francisco,8/14/17 22:32,202,Gardenside Dr,royal_hawaiian_hotel_(sheraton_hotels_in_hawaii)@outlook.com,0498-522720,Royal Hawaiian Hotel (Sheraton Hotels In Hawaii),37.7533568,-122.4452542
12:00-23:00,San Francisco,9/20/17 1:06,251,R St,graemere_hotel@mail.com,0494-021028,Graemere Hotel,37.7218398,-122.371942
12:00-23:00,San Francisco,9/6/17 17:10,235,Commer Ct,the_four_seasons_motor_hotel@hotmail.com,0499-081563,The Four Seasons Motor Hotel,37.732565,-122.38491
12:00-23:00,San Francisco,4/13/17 10:49,15,Donner Ave,robert_e_peary@inbox.com,0494-709746,Robert E. Peary,37.7222771,-122.3902752
12:00-23:00,San Francisco,9/9/17 11:46,237,Annie St,henry_van_schaick@yahoo.com,0498-028115,Henry Van Schaick,37.787285,-122.401872
12:00-23:00,San Francisco,3/1/18 7:28,325,Edinburgh St,hotel_lexington@hotmail.com,0497-521831,Hotel Lexington,37.7145441,-122.4370468
12:00-23:00,San Francisco,9/18/17 17:11,249,Point Lobos,king_umberto_and_queen_margharita@yahoo.com,0495-066886,King Umberto And Queen Margharita,37.7790684,-122.5124769
12:00-23:00,San Francisco,8/14/17 15:26,201,Spofford St,state_department_special_to_the_pand_american_congress_at_the_city_of_mexico_(pullman_car_service)@inbox.com,0494-454774,State Department Special To The Pand American Congress At The City Of Mexico (Pullman Car Service),37.794549,-122.4074008
12:00-23:00,New York,11/9/17 2:46,279,Vesey Pl,blanchs@mail.com,0497-871572,Blanchs,40.7154952,-74.0166727
12:00-23:00,New York,4/28/17 12:25,40,W 98th St,ocean_house@mail.com,0499-857831,Ocean House,40.796004,-73.9709366
12:00-23:00,San Francisco,7/10/17 7:40,166,Elk St,assembly@gmail.com,0494-892101,Assembly,37.7349834,-122.4399432
12:00-23:00,New York,11/17/17 16:19,285,E 15th St,santa_fe_route_dining_car_service@gmail.com,0494-055669,Santa Fe Route Dining Car Service,40.612957,-73.959079
12:00-23:00,New York,2/10/18 9:39,322,W 181st St,chocorua_inn@hotmail.com,0495-270358,Chocorua Inn,40.8498016,-73.9348747
12:00-23:00,New York,9/20/17 23:51,252,E 73rd St,greenhut-siegel_cooper_co@yahoo.com,0495-593848,Greenhut-Siegel Cooper Co.,40.6285234,-73.9174381
12:00-23:00,New York,12/13/17 22:23,299,Clarkson St,simpson_timber@aol.com,0497-506171,Simpson Timber,40.7297141,-74.0093067
12:00-23:00,New York,12/1/18 23:50,396,Pitt St,parisien@aol.com,0494-018538,Parisien,40.7170934,-73.983149
12:00-23:00,New York,12/27/17 11:42,306,South End Ave,the_florida_brewing_co@outlook.com,0496-784129,The Florida Brewing Co.,40.7090555,-74.0169615
12:00-23:00,New York,7/26/17 8:51,184,W 102nd St,neuman_&_bogdonoff@gmail.com,0495-494828,Neuman & Bogdonoff,40.7974858,-73.9665991
12:00-23:00,New York,4/10/17 19:20,12,Fort George Ave,roome_lodge@mail.com,0494-584106,Roome Lodge,40.8577931,-73.9266696
12:00-23:00,New York,12/1/17 5:56,291,Rockefeller Plaza,hd_bristols_oyster_&_chop_house@outlook.com,0496-661932,H.D. Bristols Oyster & Chop House,40.7591509,-73.9784267
12:00-23:00,New York,7/17/17 14:10,176,Gramercy Park W,royal_york_hotel@yahoo.com,0499-519605,Royal York Hotel,40.7382236,-73.9866315
12:00-23:00,New York,8/29/17 16:07,219,W 37th St,jj_haggartys_mezzanine_tea_room@gmail.com,0496-665065,J.J. Haggartys Mezzanine Tea Room,40.7540358,-73.9919481
12:00-23:00,New York,4/4/17 12:46,1,W 168th St,palliser_hotel@aol.com,0494-416309,Palliser Hotel,40.83835,-73.924924
12:00-23:00,New York,5/17/18 9:52,349,E 36th St,haverford_association_of_new_york@hotmail.com,0494-267012,Haverford Association Of New York,40.7463092,-73.9755191
12:00-23:00,New York,4/27/17 10:43,38,3rd Pl,alpha_deuteron_phi_gamma_delta@outlook.com,0494-756169,Alpha Deuteron Phi Gamma Delta,40.7075309,-74.0172542
12:00-23:00,New York,4/22/17 19:31,29,W 116th St,national_wholesale__druggists_association@yahoo.com,0494-229559,National Wholesale  Druggists Association,40.8033402,-73.9528166
12:00-23:00,New York,11/22/17 23:37,287,Marketfield St,usatlantic_fleet_crews@gmail.com,0497-061282,U.S.Atlantic Fleet Crews,40.7047008,-74.0122052
12:00-23:00,New York,8/29/17 22:06,220,W 220th St,steamship_yucatan@inbox.com,0495-294565,Steamship Yucatan,40.8722414,-73.9126036
12:00-23:00,New York,8/7/17 1:12,191,Pell St,hotel_gloria@inbox.com,0499-713286,Hotel Gloria,40.7148267,-73.9980379
12:00-23:00,New York,10/1/17 18:57,263,Nathan D Perlman Pl,hotel_chittenden@outlook.com,0494-564699,Hotel Chittenden,40.7338269,-73.9828228
12:00-23:00,New York,8/30/17 23:45,223,W 124th St,alumni_association_of_public_school_no26@outlook.com,0494-317597,Alumni Association Of Public School No.26,40.8070675,-73.9459054
12:00-23:00,New York,9/2/17 10:04,229,Gramercy Park N,deutsche_gesandtschaft@gmail.com,0494-127280,Deutsche Gesandtschaft,40.737913,-73.9849697
12:00-23:00,New York,9/29/17 2:17,259,W 176th St,chambre_de_commerce_francaise_de_new_york@outlook.com,0498-709834,Chambre De Commerce Francaise De New York,40.8487037,-73.9144597
12:00-23:00,San Francisco,5/19/17 7:55,83,Riverside Dr,norge_hotel@hotmail.com,0497-550012,Norge Hotel,14.6514475,121.0143954
12:00-23:00,New York,5/20/17 6:48,86,Stuyvesant St,the_hotel_roosevelt@inbox.com,0497-436123,The Hotel Roosevelt,40.7299286,-73.9887994
12:00-23:00,San Francisco,3/2/18 2:05,326,Spruce St,patricia_murphys_candlelight_restaurants@gmail.com,0496-780723,Patricia Murphys Candlelight Restaurants,37.7882307,-122.4537871
12:00-23:00,New York,8/17/17 21:24,208,W 174th St,toyo_kisen_kaisha__hong_kong_maru@hotmail.com,0497-231028,Toyo Kisen Kaisha  Hong Kong Maru,40.8468757,-73.9205223
12:00-23:00,New York,12/28/17 12:42,309,W 154th St,ideal_dining_and_lunch_room@outlook.com,0497-457228,Ideal Dining And Lunch Room,40.8284482,-73.9376583
12:00-23:00,New York,6/16/17 13:15,138,3rd Pl,park_lane@aol.com,0498-053394,Park Lane,40.7075309,-74.0172542
12:00-23:00,New York,8/11/17 19:26,198,W 163rd St,spengers_fish_grotto@yahoo.com,0498-676339,Spengers Fish Grotto,40.8358804,-73.9378384
12:00-23:00,New York,3/7/18 14:57,331,W 154th St,ex_libris@mail.com,0495-086547,Ex Libris,40.8284482,-73.9376583
12:00-23:00,New York,8/18/17 18:50,210,Renwick St,society_of_medical_jurisprudence@outlook.com,0498-605486,Society Of Medical Jurisprudence,41.494308,-74.009085
12:00-23:00,New York,11/14/17 18:12,280,W 123rd St,taillevent@outlook.com,0495-037238,Taillevent,40.8100609,-73.9549689
12:00-23:00,New York,11/16/17 17:32,282,Avenue D,"personal_friends,_business_associates,_and_citizens@aol.com",0497-141419,"Personal Friends, Business Associates, And Citizens",40.7258427,-73.9744625
12:00-23:00,San Francisco,6/23/17 7:36,145,Pearl St,cocoanut_grove@inbox.com,0494-400826,Cocoanut Grove,37.7706611,-122.4239051
12:00-23:00,New York,6/30/17 11:41,153,Hay Rd,eastern_hotel@gmail.com,0495-942778,Eastern Hotel,40.6910788,-74.0187025
12:00-23:00,New York,2/25/19 4:14,416,Hamilton Pl,hotel_cecil@outlook.com,0498-426305,Hotel Cecil,40.8227004,-73.9512138
12:00-23:00,New York,8/27/17 2:45,216,59th St Bridge,hotel_pontchartrain@hotmail.com,0499-317476,Hotel Pontchartrain,40.75573085,-73.95188400365261
12:00-23:00,New York,11/17/17 8:37,284,Roosevelt Island Bridge,haans@inbox.com,0495-368488,Haans,40.7638183,-73.9464964
12:00-23:00,New York,1/27/18 8:00,315,Penn Plaza,safari_hotel@mail.com,0494-511657,Safari Hotel,40.8931283,-73.8205375
12:00-23:00,San Francisco,9/7/17 9:47,236,E 9th St,german_savings_bank_of_brooklyn@hotmail.com,0497-307601,German Savings Bank Of Brooklyn,37.7742034,-122.4121657
12:00-23:00,New York,5/14/17 1:44,72,W 82nd St,los_angeles_consistory_#3@yahoo.com,0498-321326,Los Angeles Consistory #3,40.7850879,-73.9769058
12:00-23:00,New York,9/3/17 21:35,233,Legion Memorial Square,great_northern@inbox.com,0496-703539,Great Northern,None,None
12:00-23:00,New York,7/18/17 11:13,177,Minetta St,rotisserie_de_la_table_du_roy_(le_chef_georges)@outlook.com,0497-312894,Rotisserie De La Table Du Roy (Le Chef Georges),40.7298963,-74.0013313
12:00-23:00,New York,6/12/17 11:33,124,Baxter St,streets_of_mexico_restaurant@yahoo.com,0495-089881,Streets Of Mexico Restaurant,40.7185023,-73.998715
13:00-23:00,San Francisco,4/20/17 23:22,25,Otis St,berkeley_class_of_91@hotmail.com,0499-030675,Berkeley Class Of 91,37.7713756,-122.4202947
13:00-23:00,San Francisco,8/8/17 4:18,194,Mizpah St,ristorante_alfredo_alla_scrofa@aol.com,0495-327881,Ristorante Alfredo Alla Scrofa,37.7371497,-122.4388822
13:00-23:00,San Francisco,4/14/17 14:49,19,French Ct - Golden Gate National Recreation Area,pains_fireworks_co_employees@aol.com,0495-997499,Pains Fireworks Co. Employees,None,None
13:00-23:00,San Francisco,7/31/18 22:31,368,Sola Ave,mountain_park_hotel@aol.com,0495-322017,Mountain Park Hotel,37.747752,-122.459972
13:00-23:00,San Francisco,8/13/18 4:14,371,Ruger St - Golden Gate National Recreation Area,hochst@outlook.com,0496-521794,Hochst,None,None
13:00-23:00,San Francisco,7/6/18 0:27,361,Mason Ct,hofbrau_haus@mail.com,0497-964074,Hofbrau Haus,37.8283471,-122.3771131
13:00-23:00,San Francisco,8/1/17 5:18,188,Cresta Vista Dr,steinbergs_dairy@hotmail.com,0499-107536,Steinbergs Dairy,37.7355064,-122.4555709
13:00-23:00,San Francisco,8/22/18 9:43,374,Taber Alley,american_chamber_of_commerce_of_paris_commission_for_the_exposiion_of_1900@aol.com,0495-912144,American Chamber Of Commerce Of Paris Commission For The Exposiion Of 1900,None,None
13:00-23:00,San Francisco,5/30/17 9:44,104,Bryant Ln,wells_river_fish_and_game_club@yahoo.com,0498-251750,Wells River Fish And Game Club,None,None
13:00-23:00,San Francisco,8/12/17 17:39,199,Amador St,purcell_house@hotmail.com,0499-685520,Purcell House,37.7458144,-122.3852858
13:00-23:00,San Francisco,5/31/17 22:45,107,Alta St,sangamo_club@inbox.com,0496-311062,Sangamo Club,37.8016451,-122.4034935
13:00-23:00,San Francisco,6/11/17 23:51,122,Park Presidio Blvd,shanes@inbox.com,0495-418146,Shanes,37.7732808,-122.4718698
13:00-23:00,San Francisco,9/21/18 17:50,379,Mansell St,keystone_restaurant@hotmail.com,0495-243095,Keystone Restaurant,37.7178307,-122.4225091
13:00-23:00,San Francisco,5/14/17 5:46,73,Dodge Pl,hotel_ponce_de_leon@outlook.com,0496-508045,Hotel Ponce De Leon,None,None
13:00-23:00,San Francisco,5/11/17 2:35,65,Hwy 82,the_homestead_gwinn@outlook.com,0494-985549,The Homestead Gwinn,37.7498469,-122.508323
13:00-23:00,San Francisco,10/3/17 11:11,265,Cashmere St,w_atlee_burpee@mail.com,0498-897226,W. Atlee Burpee,37.7361106,-122.3846653
13:00-23:00,San Francisco,9/15/17 13:33,244,Badger St,ss_constitution@aol.com,0496-569278,S.S. Constitution,37.730691,-122.434013
13:00-23:00,San Francisco,7/1/17 3:13,154,Spreckels Lake Dr,veteran_association_of_the_5th_ny_artillery_volunteers@mail.com,0494-819100,Veteran Association Of The 5th Ny Artillery Volunteers,37.7717448,-122.492593
13:00-23:00,San Francisco,4/12/18 6:15,344,Reuel Ct,bangkok_cuisine@hotmail.com,0497-983256,Bangkok Cuisine,37.7366149,-122.3829464
13:00-23:00,New York,6/16/17 1:07,135,Avenue C,joe_coluccis_puccini_restaurant@aol.com,0498-592335,Joe Coluccis Puccini Restaurant,40.720779,-73.9812617
13:00-23:00,San Francisco,5/17/17 14:28,80,Foote Ave,the_scandia@gmail.com,0494-664925,The Scandia,37.714256,-122.446779
13:00-23:00,San Francisco,3/17/19 2:33,421,Juri St,corps_consulaire@aol.com,0498-974115,Corps Consulaire,37.749962,-122.421391
13:00-23:00,San Francisco,5/9/17 0:23,61,Conservatory Access Rd,"new_hotel_berkeley,the@inbox.com",0498-146795,"New Hotel Berkeley,The",None,None
13:00-23:00,San Francisco,5/21/18 4:03,350,Dore St,hotel_colorado@outlook.com,0499-224770,Hotel Colorado,37.7733736,-122.4123365
13:00-23:00,San Francisco,5/27/17 9:13,97,Wilde Ave,elka_park_association@outlook.com,0496-577049,Elka Park Association,37.717053,-122.404477
13:00-23:00,San Francisco,5/1/17 20:57,48,Spruce St,wally_j@gmail.com,0498-137288,Wally J,37.7882307,-122.4537871
13:00-23:00,San Francisco,4/5/17 4:01,2,Thornton Ave,duffs@gmail.com,0495-750801,Duffs,37.7308558,-122.3936638
13:00-23:00,San Francisco,9/29/18 23:22,382,Dale Pl,smsvineta@inbox.com,0495-142934,S.M.S.Vineta,37.7812955,-122.4146092
13:00-23:00,San Francisco,4/7/17 9:44,6,Gaviota Way,camp_wadsworth@aol.com,0497-545403,Camp Wadsworth,37.739001,-122.4478772
13:00-23:00,San Francisco,4/15/17 11:08,20,Jackson St,john_hart@yahoo.com,0495-220630,John Hart,37.7965008,-122.4029202
13:00-23:00,San Francisco,2/8/18 14:41,320,Dwight St,ernest_marples_cellars@hotmail.com,0497-895115,Ernest Marples Cellars,37.7235516,-122.4040093
13:00-23:00,San Francisco,10/19/17 10:00,269,De Boom St,the_pilgrims@mail.com,0495-716563,The Pilgrims,37.7825988,-122.3922233
13:00-23:00,San Francisco,6/10/18 19:54,352,Redfield Alley,the_red_star_inn@mail.com,0495-359995,The Red Star Inn,37.800289,-122.414332
13:00-23:00,San Francisco,5/14/17 9:22,74,Terra Vista Ave,la_vicomtesse_parker@aol.com,0496-009626,La Vicomtesse Parker,37.7814293,-122.4434667
13:00-23:00,San Francisco,5/7/17 15:21,55,Monument Way,hamburg__armerika_linie@gmail.com,0499-110587,Hamburg  Armerika Linie,37.7621595,-122.4464225
13:00-23:00,San Francisco,8/2/17 9:01,189,Dale Pl,paul_clemann@yahoo.com,0498-742579,Paul Clemann,37.7812955,-122.4146092
13:00-23:00,San Francisco,5/2/17 3:51,49,Horace St,merchants_club___the_salvation_army@aol.com,0498-417586,Merchants Club   The Salvation Army,37.750876,-122.4145155
13:00-23:00,San Francisco,12/17/17 19:30,304,Central Ave,the_terrace_restaurant@mail.com,0496-597067,The Terrace Restaurant,37.7705211,-122.4436778
13:00-23:00,San Francisco,7/20/18 6:11,364,Bliss St - Golden Gate National Recreation Area,mrs_h_mc_k_twombley@hotmail.com,0498-406807,Mrs. H. Mc K. Twombley,None,None
13:00-23:00,New York,11/25/18 5:35,394,W 119th St,palace_hotel_restaurat@mail.com,0496-199308,Palace Hotel Restaurat,40.8069606,-73.955416
13:00-23:00,New York,3/7/18 5:11,330,River Rd,oneco_hotel@outlook.com,0495-918349,Oneco Hotel,44.483395,-75.769659
13:00-23:00,New York,4/16/17 12:26,22,University Pl,ss_hastings@mail.com,0497-759548,S.S. Hastings,40.7326806,-73.993857
13:00-23:00,New York,5/10/17 17:33,64,Marginal St,leon_&_eddies@gmail.com,0495-181886,Leon & Eddies,40.8197948,-73.9600745
13:00-23:00,New York,11/17/17 22:19,286,Gustave L. Levy Pl,restaurant_cafe_winkler@gmail.com,0494-530143,Restaurant Cafe Winkler,None,None
13:00-23:00,New York,11/16/17 23:18,283,W 165th St,associates_of_the_interborough_rapid_transit_co@yahoo.com,0496-498427,Associates Of The Interborough Rapid Transit Co.,40.8391816,-73.9411376
13:00-23:00,New York,4/8/18 23:30,341,Craig Rd N,deutsche_liederkranz@mail.com,0497-036924,Deutsche Liederkranz,40.6896175,-74.0226634
13:00-23:00,New York,2/14/19 12:35,414,Manhattan,rh_macy_and_co@mail.com,0495-810995,R.H. Macy and Co.,40.7548287,-73.9793823
13:00-23:00,New York,8/19/17 5:54,211,Marble Hill Ln,joseph_pulitzer@aol.com,0494-529945,Joseph Pulitzer,40.8759494,-73.9093574
13:00-23:00,New York,1/14/18 4:11,312,W 31st St,hotel_de_paris@outlook.com,0496-813960,Hotel De Paris,40.7526317,-74.0003933
13:00-23:00,New York,9/4/17 3:02,234,Dongan Pl,community_of_zurich@inbox.com,0499-332744,Community Of Zurich,41.7080455,-73.9352412
13:00-23:00,New York,8/27/17 9:47,217,Colonel Robert Magaw Pl,cafe_new_york_restaurant@aol.com,0498-062323,Cafe New York Restaurant,40.8513989,-73.9370819
13:00-23:00,New York,11/4/17 20:46,277,Short Ave,royal_pavillion_hotel@mail.com,0499-920840,Royal Pavillion Hotel,40.691265,-74.0201688
13:00-23:00,New York,6/27/17 1:11,148,Tiemann Pl,nippon_yusen_kaisha___sskobe_liaru@aol.com,0496-749513,Nippon Yusen Kaisha   S.S.Kobe Liaru,40.8155459,-73.9597048
13:00-23:00,New York,7/18/17 21:43,178,W 22nd St,league_building@mail.com,0494-973550,League Building,40.74463,-73.9989693
13:00-23:00,New York,5/30/17 9:20,103,John Jay Byrne Bridge,volapukakluba_nolumelopik@inbox.com,0495-155452,Volapukakluba Nolumelopik,40.733372200000005,-73.94006506699056
13:00-23:00,New York,11/11/18 11:38,392,Martin Luther King Blvd,fritzels@outlook.com,0497-163415,Fritzels,40.8043452,-73.9373276
13:00-23:00,New York,6/29/17 6:06,151,Jones Alley,chateau_frontenac_hotel@hotmail.com,0499-824348,Chateau Frontenac Hotel,40.726222,-73.9943166
13:00-23:00,New York,12/16/17 22:02,303,Centre Market Pl,hotel_grenoble@gmail.com,0497-826678,Hotel Grenoble,40.7196555,-73.9980169
13:00-23:00,New York,7/24/17 4:58,181,Escanaba Rd,delta_kappa_epsilon_fraternity@aol.com,0494-762373,Delta Kappa Epsilon Fraternity,40.5495983,-74.1592294
13:00-23:00,New York,6/28/17 21:44,150,Cannon St,the_waldorf_astoria_hotel@inbox.com,0494-929274,The Waldorf Astoria Hotel,42.7371837,-73.6960025
13:00-23:00,New York,11/14/17 23:54,281,Hanover Square,washington_association_of_bowdoin_alumni@mail.com,0496-364859,Washington Association Of Bowdoin Alumni,43.050297,-76.15107834164388
13:00-23:00,New York,4/26/18 17:32,347,2nd St (See E 2nd St below),paquebot_ile_de_france@gmail.com,0495-042205,Paquebot Ile De France,None,None
13:00-23:00,New York,2/6/19 18:05,412,W 225th St,union_league_of_maryland@inbox.com,0498-572670,Union League Of Maryland,40.8742871,-73.910359
13:00-23:00,New York,4/28/17 16:06,42,Bradhurst Ave,cigar_leaf_tobacco_board_of_trade_of_the_united_states@mail.com,0498-516439,Cigar Leaf Tobacco Board Of Trade Of The United States,40.8264173,-73.9405881
13:00-23:00,New York,10/27/18 23:36,388,E 55th St,comrades_of_the_army_of_the_potomac@yahoo.com,0497-243460,Comrades Of The Army Of The Potomac,40.7597948,-73.9704542
13:00-23:00,New York,9/11/18 12:21,378,Union Square E,petrossian_restaurant@outlook.com,0497-167234,Petrossian Restaurant,40.7353316,-73.9899965
13:00-23:00,New York,7/25/17 1:03,182,Macdougal St,the_national_arts_club@mail.com,0495-640880,The National Arts Club,40.7299682,-74.0005132
13:00-23:00,New York,5/28/17 18:13,100,Amsterdam Ave,kempinski_restaurant@mail.com,0497-742699,Kempinski Restaurant,40.8512464,-73.9286148
13:00-23:00,New York,3/16/18 21:02,334,E 25th St,hotel_royal_palm@hotmail.com,0499-165371,Hotel Royal Palm,40.638426,-73.953072
13:00-23:00,New York,10/21/17 2:36,272,Robert F Wagner Sr Pl,glen_falls_club@inbox.com,0497-169737,Glen Falls Club,40.7087705,-73.9992643
13:00-23:00,New York,10/19/17 21:18,270,Beekman St,val_bella@gmail.com,0499-376327,Val Bella,40.628881,-74.139772
13:00-23:00,New York,1/25/19 4:37,410,Rutgers Slip,"supper_menu,_red_star_line_antwerpen_new_york_antwerpen_boston@yahoo.com",0494-602526,"Supper Menu, Red Star Line Antwerpen New York Antwerpen Boston",40.7106607,-73.9898632
13:00-23:00,New York,5/20/17 7:01,87,W 157th St,the_pullman_company@inbox.com,0494-454409,The Pullman Company,40.8348716,-73.9467357
13:00-23:00,New York,6/17/17 9:32,139,59th St Bridge,jacob_reiss@aol.com,0494-056519,Jacob Reiss,40.75573085,-73.95188400365261
13:00-23:00,New York,9/3/18 18:52,376,Main St,hotel_eugenia_victoria@mail.com,0499-238506,Hotel Eugenia Victoria,40.7193758,-73.8179289
13:00-23:00,New York,9/3/17 10:51,232,Franklin St,little_china@hotmail.com,0494-853775,Little China,44.44774,-75.693742
13:00-23:00,New York,5/13/17 5:35,69,E 117th St,kronenhalle@outlook.com,0499-590224,Kronenhalle,40.7986248,-73.9395221
13:00-23:00,New York,5/14/17 18:28,75,W 90th St,ritz-carlton@gmail.com,0498-293424,Ritz-Carlton,40.7898803,-73.9722771
13:00-23:00,New York,4/9/18 8:11,342,Church St,frankfurter_hof@mail.com,0498-869493,Frankfurter Hof,40.7149979,-74.0079042
13:00-23:00,New York,2/25/18 8:12,324,E 101st St,cafe_mellone@mail.com,0499-140440,Cafe Mellone,40.636103,-73.8870183
13:00-23:00,New York,5/27/17 20:39,98,W 116th St,ewings_new_restaurant@outlook.com,0494-245261,Ewings New Restaurant,40.8033402,-73.9528166
13:00-23:00,New York,12/29/18 17:23,403,Ferry Line Rd,au_chat_noir@mail.com,0496-864366,Au Chat Noir,None,None
13:00-23:00,New York,5/21/17 8:41,89,Avenue A,new_york_state_hotel_association@mail.com,0498-077948,New York State Hotel Association,40.7273258,-73.9826094
13:00-23:00,New York,6/8/17 20:26,117,Thelonius Monk Cir,the_windsor@yahoo.com,0497-298521,The Windsor,40.7746802,-73.9895454
13:00-23:00,New York,12/3/18 3:18,397,E 14th St,restaurant_mayan@inbox.com,0495-441347,Restaurant Mayan,40.7294404,-73.9780305
13:00-23:00,New York,9/1/17 8:59,227,W 130th St,congress_hotel_association@yahoo.com,0494-531353,Congress Hotel Association,40.8175078,-73.9587528
13:00-23:00,New York,5/8/17 14:48,58,Arden St,hotel_dreyfus_french_restauranr@hotmail.com,0497-831105,Hotel Dreyfus French Restauranr,40.8628358,-73.9277081
13:00-23:00,New York,2/27/19 13:19,417,W 9th St,2601_parkway@hotmail.com,0497-177926,2601 Parkway,40.6751965,-73.9993434
13:00-23:00,New York,5/29/17 23:16,101,Pomander Walk,luccionis@mail.com,0499-167949,Luccionis,43.115566,-77.4977296
13:00-23:00,New York,7/21/17 8:41,180,Nagle Ave,unione_panettieri_italiani@yahoo.com,0497-511141,Unione Panettieri Italiani,40.8613637,-73.9252612
13:00-23:00,New York,5/26/17 4:35,94,E 39th St,pear_and_pardritge@inbox.com,0494-818290,Pear And Pardritge,40.6344234,-73.9391605
13:00-23:00,New York,7/30/17 4:56,187,Lincoln Center Plaza,the_astor@outlook.com,0498-833471,The Astor,40.7709244,-73.98510085598335
13:00-23:00,New York,9/10/17 12:35,239,W 62nd St,s_s_president_wilson@gmail.com,0496-652083,S. S. President Wilson,40.7741885,-73.9907183
13:00-23:00,New York,4/11/17 1:09,13,Leroy St,campi@yahoo.com,0497-846102,Campi,40.5941492,-74.1867738
13:00-23:00,New York,7/16/17 6:51,174,E 91st St,"complimentary_banquet,_mount_nelson_hotel_cape_town,_sa@outlook.com",0495-873566,"Complimentary Banquet, Mount Nelson Hotel Cape Town, S.A.",40.635812,-73.899726
13:00-23:00,New York,5/23/17 9:39,90,Warren St,ristorante_cova@aol.com,0495-720584,Ristorante Cova,40.7662779,-73.5824022
13:00-23:00,New York,4/29/17 20:52,43,W 46th St,paquebot_ile_de_france@hotmail.com,0497-003833,Paquebot Ile De France,40.758248,-73.9842856
13:00-23:00,New York,8/16/17 0:58,206,W 14th St,london_welsh_lodge@mail.com,0494-083351,London Welsh Lodge,40.7386055,-73.99981
13:00-23:00,New York,7/11/18 12:54,362,Queensboro Bridge,missouri_society@hotmail.com,0496-413740,Missouri Society,40.75573085,-73.95188400365261
13:00-23:00,New York,9/1/17 17:04,228,W 132nd St,harvard_university@mail.com,0499-663789,Harvard University,40.8134738,-73.9452996
13:00-23:00,New York,10/13/18 0:54,385,Cooper Square,amys@hotmail.com,0495-931276,Amys,40.7280635,-73.99129851723043
13:00-23:00,New York,6/5/17 15:21,113,Thelonius Monk Cir,aviation_terrace@mail.com,0499-758005,Aviation Terrace,40.7746802,-73.9895454
13:00-23:00,New York,10/1/18 4:35,383,E 102nd St,"annual_dinner_of_the_new_york_university_alumni_association,_waldorf_astoria@hotmail.com",0496-819370,"Annual Dinner Of The New York University Alumni Association, Waldorf Astoria",40.7910468,-73.9513728
13:00-23:00,New York,11/25/18 17:13,395,Canal St,thomas_cook_&_son_special@mail.com,0495-433632,Thomas Cook & Son Special,40.7186195,-74.0007681
13:00-23:00,New York,4/6/17 4:37,4,York Ave,grand_hotel_royal@aol.com,0497-902845,Grand Hotel Royal,40.7792057,-73.9447328
13:00-23:00,New York,12/19/18 22:39,401,Pomander Walk,le_provenÃ£Â§al@mail.com,0494-967480,Le ProvenÃƒÂ§al,43.115566,-77.4977296
13:00-23:00,New York,3/5/18 10:58,329,Washington Square S,ss_american_merchant@aol.com,0497-524026,S.S. American Merchant,40.730669,-73.998842
13:00-23:00,New York,5/25/17 18:15,93,Little West 12th St,[restaurant_and/or_location_not_given]@mail.com,0496-889479,[Restaurant And/Or Location Not Given],40.7406876,-74.0088565
13:00-23:00,New York,9/29/17 6:56,260,Mangin St,friends_of_mr_arthur_j_okeeffe@aol.com,0494-112750,Friends Of Mr. Arthur J. Okeeffe,40.7188724,-73.97549
08:00-12:00,San Francisco,9/22/17 22:30,253,Belvedere St,the_brown_palace_hotel@yahoo.com,0499-345063,The Brown Palace Hotel,37.7626987,-122.4479936
08:00-12:00,San Francisco,8/17/18 16:39,372,Clearview Ct,the_thirteen_club@hotmail.com,0498-363167,The Thirteen Club,37.733183,-122.395389
08:00-12:00,San Francisco,6/20/17 18:14,142,Beaver St,princess_hotel@aol.com,0495-221082,Princess Hotel,37.7655547,-122.4369151
08:00-12:00,San Francisco,7/16/17 13:28,175,Heritage,harry_voilers_trocadero_restaurant@inbox.com,0498-227782,Harry Voilers Trocadero Restaurant,37.7096674,-122.4117792
08:00-12:00,San Francisco,6/10/17 12:17,119,Edgardo Pl,pullman_dining_car_serfvice_the_president@hotmail.com,0495-974544,Pullman Dining Car Serfvice The President,37.8029886,-122.4088891
08:00-12:00,New York,5/24/18 17:52,351,Coenties Alley,king_frederik_viii@outlook.com,0499-382549,King Frederik Viii,40.703869,-74.0105164
08:00-12:00,San Francisco,2/2/18 9:37,318,Ecker St,stauchs_resturant@aol.com,0494-551799,Stauchs Resturant,37.7871006,-122.3957938
08:00-12:00,New York,6/21/17 19:19,143,W 157th St,stockeld_park@hotmail.com,0499-188589,Stockeld Park,40.8348716,-73.9467357
08:00-12:00,San Francisco,5/2/17 15:06,51,Morris St,northern_steamship_company/great_orthern_ry_line@hotmail.com,0498-169919,Northern Steamship Company/Great Orthern Ry. Line,37.7768953,-122.4025153
08:00-12:00,New York,4/30/17 1:25,44,Minetta Ln,blue_horizon@yahoo.com,0499-771130,Blue Horizon,40.7302644,-74.0010565
08:00-12:00,San Francisco,5/17/17 2:30,79,Santa Cruz Ave,gardner_&_smith@hotmail.com,0497-126104,Gardner & Smith,37.7090437,-122.4656613
08:00-12:00,New York,3/3/18 11:37,327,Oliver St,victorian@mail.com,0497-916301,Victorian,42.984033,-78.865994
08:00-12:00,San Francisco,12/21/18 12:16,402,Faxon Ave,board_of_managers_of_the_private_charitable_institutions@outlook.com,0495-914776,Board Of Managers Of The Private Charitable Institutions,37.7250783,-122.4599388
08:00-12:00,San Francisco,7/26/17 16:12,185,Hubbell St,bevan_house@hotmail.com,0498-318834,Bevan House,37.7674437,-122.3972072
08:00-12:00,San Francisco,9/18/17 7:05,248,Castle Manor Ave,casa_del_rey@yahoo.com,0498-368447,Casa Del Rey,37.7294685,-122.4312075
08:00-12:00,San Francisco,7/26/18 8:40,366,Belle Ave,hotel_westminster@hotmail.com,0499-910156,Hotel Westminster,37.7086819,-122.4704214
08:00-12:00,New York,4/26/17 1:26,35,W 106th St,the_colony@yahoo.com,0499-485401,The Colony,40.8012291,-73.967607
08:00-12:00,San Francisco,10/8/17 9:06,266,Cornwall St,college_of_pharmacy_of_the_city_of_ny@yahoo.com,0497-902578,College Of Pharmacy Of The City Of Ny,37.7848663,-122.4635038
08:00-12:00,New York,5/12/17 2:35,67,Rose St,manhanset_house@aol.com,0496-352756,Manhanset House,42.9020777,-78.6528611
08:00-12:00,New York,8/23/17 3:29,215,W 34th St,"usms_philadelphia,_third_class_menu@aol.com",0496-732595,"U.S.M.S. Philadelphia, Third Class Menu.",40.7569713,-74.0048008
08:00-12:00,San Francisco,7/27/18 17:38,367,Cargo Way,restaurant_name_and/or_location_not_given]@yahoo.com,0496-324507,Restaurant name and/or location not given],37.7430063,-122.3816947
08:00-12:00,San Francisco,7/5/18 17:25,360,7th Ave,the_lawrence@inbox.com,0495-175387,The Lawrence,37.7644057,-122.4642098
08:00-12:00,San Francisco,1/7/19 8:06,408,Hill Point Ave,zodiac_room_at_neiman_marcus@gmail.com,0497-866667,Zodiac Room At Neiman Marcus,37.7641815,-122.4558116
08:00-12:00,San Francisco,6/12/17 12:25,125,Bernice St,alberg_inn@outlook.com,0494-075817,Alberg Inn,37.7700345,-122.413938
08:00-12:00,San Francisco,6/12/17 13:17,126,Curtis St,jack_trayers@mail.com,0494-232218,Jack Trayers,37.7107977,-122.4386563
08:00-12:00,San Francisco,4/13/18 0:55,345,Ingerson Ave,all_souls_church@aol.com,0495-822731,All Souls Church,37.7173026,-122.389876
08:00-12:00,San Francisco,11/5/18 4:59,390,Denslowe Dr,papyrus_club@aol.com,0494-352572,Papyrus Club,37.7211641,-122.4745433
08:00-12:00,New York,7/1/17 12:47,156,Fort Washington Ave,volks_restaurant@outlook.com,0496-818382,Volks Restaurant,40.8502304,-73.9385576
08:00-12:00,San Francisco,8/8/17 7:08,195,H St,president_of_jamestown_exposition_company_(h_st_george_tucker)__and_mrs_tucker@hotmail.com,0499-859220,President Of Jamestown Exposition Company (H. St. George Tucker)  And Mrs. Tucker,37.719952,-122.367764
08:00-12:00,New York,4/26/17 19:47,37,W 79th St,st_johns_lodge_no_1@gmail.com,0496-925897,St. Johns Lodge No. 1,40.7849838,-73.9826637
08:00-12:00,New York,10/20/18 20:54,386,W 27th St,deutschen_haus@hotmail.com,0494-247589,Deutschen Haus,40.7473822,-73.9956096
08:00-12:00,New York,3/15/19 1:49,420,W 4th St,aidas_east@hotmail.com,0498-997767,Aidas East,40.7362021,-74.0035332
08:00-12:00,San Francisco,6/20/18 15:39,358,Clipper St,manhattan_casino@gmail.com,0499-743514,Manhattan Casino,37.7466633,-122.4445028
08:00-12:00,San Francisco,11/30/17 5:43,290,Rockridge Dr,the_patriarchs@hotmail.com,0497-353483,The Patriarchs,37.750773,-122.4696225
08:00-12:00,San Francisco,9/25/18 23:03,380,Buckingham Way,mayor_and_citizens_of_chicago@mail.com,0497-436195,Mayor And Citizens Of Chicago,37.730072,-122.4767269
08:00-12:00,San Francisco,1/6/19 12:11,406,Hooper St,norddeutsch_lloyd_bremen@outlook.com,0496-602046,Norddeutsch Lloyd Bremen,37.7677041,-122.3999142
08:00-12:00,San Francisco,6/8/17 6:24,115,J St,quill_and_dagger@gmail.com,0497-508830,Quill And Dagger,37.718801,-122.36833
08:00-12:00,San Francisco,11/1/17 5:36,276,Crespi Dr,mr_jpsmith@gmail.com,0497-644507,Mr. J.P.Smith,37.7203422,-122.4752257
08:00-12:00,New York,8/19/17 11:12,213,Wall St,oregon_railroad_&_navigation_co@gmail.com,0498-625563,Oregon Railroad & Navigation Co.,40.7060194,-74.0088308
08:00-12:00,San Francisco,6/14/17 2:13,127,16th Ave,riggs_house@yahoo.com,0495-706008,Riggs House,37.7617468,-122.4737956
08:00-12:00,San Francisco,9/11/17 21:56,241,Avery St,the_commodore_hotel@hotmail.com,0495-929663,The Commodore Hotel,37.7847044,-122.4338502
08:00-12:00,New York,5/3/17 16:40,52,E 8th St,the_berkeley@mail.com,0497-915938,The Berkeley,40.7298328,-73.9906619
08:00-12:00,San Francisco,5/10/17 5:24,63,Stow Lake Dr,the_hannaberry_&_moran_dining_room@aol.com,0499-250058,The Hannaberry & Moran Dining Room,37.7674411,-122.4764225
08:00-12:00,San Francisco,11/29/17 16:25,289,Alana Way,nippon_yusen_kaisha__ssnasuga@outlook.com,0498-943233,Nippon Yusen Kaisha  S.S.Nasuga,37.7085965,-122.3960038
08:00-12:00,San Francisco,4/14/17 10:41,18,Higuera Ave,the_pennsylvania_bar_association_on_behalf_of_the_bar_of_the_commonwealth@outlook.com,0495-673340,The Pennsylvania Bar Association On Behalf Of The Bar Of The Commonwealth,37.7183219,-122.4847457
08:00-12:00,New York,3/8/18 8:04,333,W 157th St,italian_american_citizens_of_the_sixth_assembly_district@inbox.com,0495-281724,Italian American Citizens Of The Sixth Assembly District,40.8348716,-73.9467357
08:00-12:00,San Francisco,3/3/19 20:00,419,Marengo St,german_gov@hotmail.com,0499-557897,German Gov.,37.738787,-122.4065014
08:00-12:00,San Francisco,5/27/17 3:06,95,Iron Alley,huguenin@gmail.com,0495-693633,Huguenin,37.7578613,-122.4446876
08:00-12:00,San Francisco,7/13/17 20:29,170,Lunado Ct,grill_car@outlook.com,0494-323846,Grill Car,37.7259336,-122.4711963
08:00-12:00,San Francisco,4/23/17 9:48,31,Cesar Chavez,cathay_house@outlook.com,0494-615406,Cathay House,37.7482637,-122.4113698
08:00-12:00,San Francisco,1/19/19 14:15,409,Peralta Ave,albany_society_of_nyc@yahoo.com,0497-145201,Albany Society Of Nyc,37.744427,-122.40869
08:00-12:00,San Francisco,4/9/17 23:25,10,Pixley St,san_remo_hotel@aol.com,0499-049339,San Remo Hotel,37.7989118,-122.4325021
08:00-12:00,San Francisco,12/22/17 11:44,305,Emery Ln,union_pacific@aol.com,0498-294684,Union Pacific,37.7985155,-122.409662
08:00-12:00,San Francisco,6/14/17 22:13,131,Margaret Ave,carlton_terrace@mail.com,0498-628910,Carlton Terrace,37.7173803,-122.452668
08:00-12:00,San Francisco,10/14/17 20:37,267,E Rd - City College Of San Francisco,st_georges_society_of_new_york@outlook.com,0496-724561,St. Georges Society Of New York,None,None
08:00-12:00,New York,8/15/17 14:11,205,E 56th St,le_pistou@inbox.com,0496-903236,Le Pistou,40.6379733,-73.9230599
08:00-12:00,San Francisco,5/12/17 12:59,68,Minna St,cigar_manufacturers@yahoo.com,0496-049406,Cigar Manufacturers,37.7676068,-122.4191816
08:00-12:00,San Francisco,11/11/18 7:54,391,Sternberg Rd - Golden Gate National Recreation Area,association_of_life_insurance_medical_directors@aol.com,0499-190429,Association Of Life Insurance Medical Directors,None,None
08:00-12:00,San Francisco,5/25/17 10:45,92,Addison St,patent_law_associaton_of_washington@outlook.com,0495-881993,Patent Law Associaton Of Washington,37.7400826,-122.4349546
08:00-12:00,New York,4/8/17 10:03,8,Rector Pl,cafe_zur_frauenkirche_@yahoo.com,0494-847491,Cafe Zur Frauenkirche,40.7092981,-74.017763
08:00-12:00,San Francisco,4/26/18 17:31,346,Jefferson St,mandels_tea_rooms@aol.com,0496-621540,Mandels Tea Rooms,37.8082321,-122.4157227
08:00-12:00,San Francisco,6/1/17 11:18,108,Ophir Alley,mouquin_restaurant_&_wine_co@hotmail.com,0494-803235,Mouquin Restaurant & Wine Co.,37.7880364,-122.4127845
08:00-12:00,San Francisco,5/8/17 15:25,59,Cameo Way,harrys_bar@aol.com,0497-835799,Harrys Bar,37.744868,-122.4440936
08:00-12:00,San Francisco,5/8/17 21:27,60,Mcrae Ln - Golden Gate National Recreation Area,cercle_francais_de_lharmonie@inbox.com,0494-211372,Cercle Francais De Lharmonie,None,None
08:00-12:00,San Francisco,6/14/17 20:02,130,Mayfair Dr,connecticut_society_of_civil_engineers@yahoo.com,0494-759015,Connecticut Society Of Civil Engineers,37.7861384,-122.4497942
08:00-12:00,New York,3/29/18 19:33,339,F D R Drive Service Rd E,restaurant_le_bourgogne@yahoo.com,0499-815162,Restaurant Le Bourgogne,None,None
08:00-12:00,New York,6/23/17 20:19,146,Randalls Is Rd,kalils_restaurant@gmail.com,0495-409004,Kalils Restaurant,40.796642,-73.9262419
08:00-12:00,San Francisco,9/27/17 18:27,257,Montague Pl,"testimonial_dinner,_little_hungary@hotmail.com",0496-818288,"Testimonial Dinner, Little Hungary",37.8005786,-122.4043511
08:00-12:00,San Francisco,5/20/17 16:17,88,Nottingham Pl,quill_and_dagger_club@inbox.com,0499-486861,Quill And Dagger Club,37.7975731,-122.4053221
08:00-12:00,San Francisco,5/2/17 13:08,50,Cleo Rand Ln,sullivans@inbox.com,0496-197092,Sullivans,37.728568,-122.370352
08:00-12:00,New York,8/30/17 11:51,222,W 155th St,larrys_country_inn@yahoo.com,0499-138846,Larrys Country Inn,40.8307818,-73.9411169
08:00-12:00,San Francisco,3/29/19 10:57,424,Atalaya Terrace,city_editors_association_of_philadelphia@yahoo.com,0496-041119,City Editors Association Of Philadelphia,37.7757681,-122.4474826
08:00-12:00,San Francisco,3/25/19 7:25,422,Peninsula Ave,mr_lowden@gmail.com,0496-267789,Mr. Lowden,37.7116153,-122.3990946
08:00-12:00,New York,6/30/17 5:43,152,Wall St,savoy_grill@yahoo.com,0497-606598,Savoy Grill,40.7060194,-74.0088308
08:00-12:00,San Francisco,8/25/18 9:04,375,Mountain Spring Ave,terrace_garden@gmail.com,0498-024279,Terrace Garden,37.758209,-122.448815
08:00-12:00,San Francisco,12/15/17 20:08,302,Bertha Ln,deal_golf_and_country_club@mail.com,0494-785698,Deal Golf and Country Club,37.7339245,-122.3814474
08:00-12:00,New York,7/15/17 6:19,173,W 42nd St,park_lane@outlook.com,0497-612011,Park Lane,40.7609039,-73.9984528
08:00-12:00,San Francisco,5/1/17 6:49,47,Lathrop Ave,green_mountain_restaurant_diner@gmail.com,0498-209718,Green Mountain Restaurant Diner,37.7104664,-122.398588
08:00-12:00,San Francisco,5/11/17 12:17,66,Lomita Ave,french_circle@hotmail.com,0495-007887,French Circle,37.7588607,-122.4729783
08:00-12:00,San Francisco,7/6/17 20:49,161,Upton St,hotel_empire@yahoo.com,0497-936628,Hotel Empire,37.744982,-122.400311
08:00-12:00,San Francisco,9/17/17 10:06,247,Elizabeth St,terminal_station_lunch_room@yahoo.com,0499-023944,Terminal Station Lunch Room,37.7528694,-122.4215431
08:00-12:00,San Francisco,6/2/17 14:04,109,39th Ave,stammhaus@outlook.com,0495-003335,Stammhaus,37.7551656,-122.4980539
08:00-12:00,San Francisco,1/1/18 18:29,310,Bemis St,jewelers_league_of_new_york@aol.com,0498-186979,Jewelers League Of New York,37.7374536,-122.4300852
08:00-12:00,New York,1/5/19 6:36,405,Vesey St,shezan@gmail.com,0498-702295,Shezan,40.7137964,-74.0139365
08:00-12:00,San Francisco,6/12/17 0:52,123,Milton I Ross Ln,crawfords@inbox.com,0494-658590,Crawfords,37.743945,-122.398231
08:00-12:00,New York,5/28/17 5:25,99,Sheriff St,national_republican_club_house_[?]@inbox.com,0494-369190,National Republican Club House [?],40.7166098,-73.9814951
08:00-12:00,San Francisco,12/4/17 0:13,292,Toyon Ln,chamber_of_commerce_(new_york_city?)@outlook.com,0499-298797,Chamber Of Commerce (New York City?),37.7096529,-122.4312809
12:00-20:00,San Francisco,3/18/18 11:59,336,Church St,ss_nieuw_amsterdam@yahoo.com,0496-586379,S.S. Nieuw Amsterdam,37.7672666,-122.4292613
08:00-21:00,New York,10/2/17 1:11,264,Bond St,ritz-carlton_hotel@aol.com,0499-964876,Ritz-Carlton Hotel,40.7269405,-73.9947295
08:00-21:00,New York,2/1/18 8:00,316,W 181st St,memorial_apts@hotmail.com,0496-568502,Memorial Apts.,40.8498016,-73.9348747
08:00-21:00,New York,8/17/17 0:41,207,Harlem River Dr,agora@hotmail.com,0498-440239,Agora,40.8187778,-73.934348
08:00-21:00,New York,8/19/17 9:47,212,E 50th St,(fifth_avenue_hotel?}@yahoo.com,0495-366407,(Fifth Avenue Hotel?},40.7584207,-73.9769092
12:00-20:00,San Francisco,7/12/17 16:18,169,Middle Point Rd,new_england_delegation_of_hmmba@mail.com,0499-644955,New England Delegation Of H.M.M.B.A.,37.737399,-122.379336
08:00-21:00,New York,11/29/17 4:27,288,Sullivan St,the_greenbrier@inbox.com,0494-429919,The Greenbrier,40.7275476,-74.0015004
12:00-20:00,New York,7/18/18 21:01,363,Leroy St,grunewald_hotel@outlook.com,0496-985254,Grunewald Hotel,40.5941492,-74.1867738
08:00-21:00,San Francisco,7/11/17 6:41,168,Bartlett St,new_york_library_club@mail.com,0496-516225,New York Library Club,37.7529985,-122.419639
08:00-21:00,New York,10/1/17 10:01,262,E 123rd St,the_red_onion@hotmail.com,0499-622718,The Red Onion,40.803071,-73.938371
12:00-20:00,San Francisco,9/14/17 3:06,243,Sawyer St,north_shore_country_club___main_lounge@inbox.com,0499-318356,North Shore Country Club   Main Lounge,37.7116567,-122.4150913
12:00-20:00,San Francisco,10/5/18 21:26,384,Rivera St,la_residence@hotmail.com,0495-548003,La Residence,37.7459616,-122.4946444
08:00-21:00,New York,5/25/17 9:39,91,Paladino Ave,society_of_colonial_wars_in_the_state_of_new_jersey@hotmail.com,0496-071272,Society Of Colonial Wars In The State Of New Jersey,40.7999588,-73.9303623
08:00-21:00,New York,2/4/19 13:47,411,W 22nd St,sons_of_delaware@inbox.com,0497-477821,Sons Of Delaware,40.74463,-73.9989693
08:00-21:00,New York,4/25/17 3:03,34,E 17th St,the_lyric_theatre@inbox.com,0498-370890,The Lyric Theatre,40.6509284,-73.9643401
12:00-20:00,New York,7/5/17 19:32,160,E 58th St,us_military_academy@gmail.com,0495-544104,Us Military Academy,40.6239214,-73.9196776
12:00-20:00,San Francisco,5/20/17 0:18,85,De Boom St,don_roths_blackhawk_restaurant@gmail.com,0495-750239,Don Roths Blackhawk Restaurant,37.7825988,-122.3922233
08:00-21:00,New York,8/9/17 13:04,196,W 97th St,dinner_held_by_pennsylvania_railroad@mail.com,0495-654190,Dinner Held By Pennsylvania Railroad,40.794573,-73.969468
08:00-21:00,New York,4/16/17 19:34,23,W 105th St,waldorf_hotel@hotmail.com,0497-155341,Waldorf Hotel,40.8015461,-73.9704422
12:00-20:00,San Francisco,1/7/19 6:32,407,Mission St,south_shore_country_club@outlook.com,0497-844548,South Shore Country Club,37.7086986,-122.4530082
12:00-20:00,San Francisco,7/18/17 23:55,179,Arballo Dr,cincinnati_lodge_of_elks_no_5@yahoo.com,0497-397787,Cincinnati Lodge Of Elks No. 5,37.7204499,-122.4830239
08:00-21:00,New York,8/6/17 12:10,190,E 52nd St,old_prague_restaurant@mail.com,0496-342584,Old Prague Restaurant,40.7590733,-73.9745502
08:00-21:00,San Francisco,5/7/17 8:47,54,Tapia Dr,medical_society_of_the_state_of_new_york@outlook.com,0497-233506,Medical Society Of The State Of New York,37.7204836,-122.4813307
08:00-21:00,San Francisco,12/15/17 12:08,301,Battery Blaney Rd - Golden Gate National Recreation Area,celtic_club@yahoo.com,0498-001127,Celtic Club,None,None
12:00-20:00,San Francisco,5/13/17 22:45,71,Alma St,lafayette_hotel@yahoo.com,0494-673468,Lafayette Hotel,37.7630353,-122.4508163
08:00-21:00,New York,5/10/17 0:08,62,W 94th St,hotel_cecil@gmail.com,0499-726854,Hotel Cecil,40.7927019,-73.9711901
12:00-20:00,San Francisco,4/5/17 4:59,3,Lassen Alley,"[the_waldorf_astoria_hotel_(new_york,_ny)]@yahoo.com",0495-004404,"[The Waldorf Astoria Hotel (New York, N.Y.)]",None,None
08:00-21:00,San Francisco,8/5/18 19:51,369,Chenery St,club_venus@gmail.com,0499-058417,Club Venus,37.738358,-122.426076
12:00-20:00,San Francisco,8/9/17 19:03,197,21st St,hong_kong_restaurant@mail.com,0499-499869,Hong Kong Restaurant,37.7562928,-122.427042
12:00-20:00,San Francisco,4/6/17 21:39,5,Christmas Tree Point Rd,the_spalding@yahoo.com,0496-025089,The Spalding,37.7545434,-122.44683608950791
12:00-20:00,San Francisco,6/18/18 8:52,357,Joost Ave,police_department_of_the_city_of_new_york@hotmail.com,0496-870962,Police Department Of The City Of New York,37.7323673,-122.4352854
12:00-20:00,San Francisco,9/2/17 10:21,230,Amatury Loop - Golden Gate National Recreation Area,incorporated_institute_of_accountants@inbox.com,0497-335529,Incorporated Institute Of Accountants,None,None
08:00-21:00,New York,6/6/17 5:35,114,E 118th St,mexican_american_ss_co@aol.com,0494-061867,Mexican American S.S. Co.,40.7962897,-73.9320391
08:00-21:00,San Francisco,8/31/17 6:42,224,Farragut Ave,rms_parthia@yahoo.com,0495-104482,R.M.S. Parthia,37.711118,-122.450774
08:00-21:00,San Francisco,6/19/17 23:50,140,Melba Ave,"norfolk_and_western_railway,_southern_railway_system@hotmail.com",0494-616661,"Norfolk And Western Railway, Southern Railway System",37.7311365,-122.4782691
12:00-20:00,New York,12/11/18 7:18,400,Freedom Pl,nippon_yusen_kaisha___ss_kobe_maru@outlook.com,0494-112445,Nippon Yusen Kaisha   S.S. Kobe Maru,41.6725937,-73.7995767
12:00-20:00,San Francisco,3/3/19 0:42,418,18th St,tzu_hai_pin_cantonese_restaurant@outlook.com,0494-371649,Tzu Hai Pin Cantonese Restaurant,37.7626374,-122.3955718
08:00-21:00,San Francisco,5/16/17 1:17,77,King St,the_essex_hotel_the_colonnades@outlook.com,0496-311243,The Essex Hotel The Colonnades,37.7808455,-122.388646
12:00-20:00,San Francisco,9/23/17 4:16,254,Rosenkranz St,university_of_catania@inbox.com,0494-463757,University Of Catania,37.741822,-122.410698
12:00-20:00,New York,6/11/17 7:23,121,Bank St,mr_smfelton@yahoo.com,0495-955929,Mr. S.M.Felton,40.736839,-74.003714
08:00-21:00,San Francisco,4/7/17 13:08,7,Moscow St,chula_vista@yahoo.com,0497-768114,Chula Vista,37.7131135,-122.4337358
12:00-20:00,San Francisco,5/18/17 20:22,82,Diaz Ave,the_french_village@gmail.com,0497-268817,The French Village,37.7181885,-122.4755209
08:00-21:00,San Francisco,12/11/17 5:50,296,Augusta St,poodle_duck_club@gmail.com,0497-687415,Poodle Duck Club,37.734348,-122.4045497
08:00-21:00,New York,6/13/18 22:49,355,E 4th St,girard_college@gmail.com,0495-994770,Girard College,40.722688,-73.9811227
12:00-20:00,New York,9/27/17 1:47,256,2nd Pl,north_carolina_society_of_new_york@hotmail.com,0498-182365,North Carolina Society Of New York,40.7068964,-74.0176905
08:00-21:00,San Francisco,4/10/17 15:26,11,37th Ave,old_poodle_dog_restaurant@inbox.com,0497-207420,Old Poodle Dog Restaurant,37.762848,-122.4964405
08:00-21:00,New York,9/10/17 0:18,238,Joe Dimaggio Hwy,the_buffalo_orpheus@outlook.com,0496-736045,The Buffalo Orpheus,40.7799364,-73.988414
12:00-20:00,San Francisco,8/21/17 18:32,214,Bret Harte Terrace,st_martins_lodge_no2455@mail.com,0495-278202,St. Martins Lodge No.2455,37.804763,-122.417603
08:00-21:00,New York,5/30/17 21:40,105,E 52nd St,broadway_tabernacle_church@hotmail.com,0497-404394,Broadway Tabernacle Church,40.7590733,-73.9745502
08:00-21:00,New York,3/18/18 4:50,335,W 125th St,little_china@outlook.com,0494-435750,Little China,40.8178078,-73.9602699
12:00-20:00,New York,7/1/17 6:22,155,S Street Viaduct,mayer@inbox.com,0495-219710,Mayer,None,None
12:00-20:00,New York,9/28/18 2:06,381,Minetta St,tsuruya@inbox.com,0499-748143,Tsuruya,40.7298963,-74.0013313
08:00-21:00,San Francisco,8/27/17 14:53,218,Himmelmann Pl,the_lambs@mail.com,0499-722010,The Lambs,37.7970548,-122.4129968
08:00-21:00,San Francisco,7/14/17 22:16,172,Lulu Alley,oceanic_steamship_company___ventura@aol.com,0498-620530,Oceanic Steamship Company   Ventura,37.7344277,-122.4528042
12:00-20:00,New York,1/18/18 2:59,313,E 113th St,clinton_b_fisk_prohibition_club@inbox.com,0499-321497,Clinton B. Fisk Prohibition Club,40.7950746,-73.9391862
08:00-21:00,New York,5/4/17 19:26,53,E 34th St,sherrys@outlook.com,0494-019956,Sherrys,40.7445155,-73.9752881
12:00-20:00,San Francisco,4/30/17 18:54,46,Glen Ct,sons_of_delaware@hotmail.com,0499-679840,Sons Of Delaware,37.7337912,-122.4299981
12:00-20:00,San Francisco,5/17/17 16:49,81,Clipper Cove Way,essex_house_at_the_colonnades@yahoo.com,0496-262728,Essex House At The Colonnades,37.817116,-122.369186
12:00-20:00,San Francisco,6/14/17 10:45,128,Islais St,chicken_ranch@aol.com,0498-127118,Chicken Ranch,37.7419552,-122.444095
08:00-21:00,New York,7/2/17 8:48,157,W 144th St,dewitt_clinton_council_no22_r&s_m@gmail.com,0495-500960,Dewitt Clinton Council No.22 R&S M,40.8239826,-73.9467254
08:00-21:00,New York,4/22/17 1:13,27,W Broadway,societe_nationale_de_poudres_et_explosifs@yahoo.com,0498-576501,Societe Nationale De Poudres Et Explosifs,40.7194586,-74.0061348
08:00-21:00,San Francisco,2/23/18 1:07,323,Crook St - Golden Gate National Recreation Area,regal@aol.com,0499-711644,Regal,None,None
08:00-21:00,New York,8/13/17 20:18,200,Chambers St,warrant_officers_of_the_us_north_atlantic_squadron@hotmail.com,0499-282218,Warrant Officers Of The U.S. North Atlantic Squadron,40.717354,-74.0132398
08:00-21:00,New York,12/28/17 7:26,308,E 88th St,south_shore_country_club@yahoo.com,0498-612246,South Shore Country Club,40.6326668,-73.9000974
12:00-20:00,San Francisco,4/13/17 2:39,14,Central Ave,hotel_st_george@inbox.com,0497-692057,Hotel St. George,37.7705211,-122.4436778
12:00-20:00,New York,5/31/17 8:42,106,Park Pl,the_concord@yahoo.com,0498-089105,The Concord,40.6748186,-73.9576469
08:00-21:00,San Francisco,10/30/18 13:27,389,Donahue St,donahues_lunch@outlook.com,0494-639488,Donahues Lunch,37.7156712,-122.3819528
12:00-20:00,New York,1/5/19 6:23,404,W 107th St,king_solomons_grill@inbox.com,0498-050087,King Solomons Grill,40.8023337,-73.9681074
08:00-21:00,New York,4/3/17 14:06,0,E 84th St,billiard_pool_and_bowling_tournament@gmail.com,0499-071595,Billiard Pool And Bowling Tournament,40.6411761,-73.914588
08:00-21:00,New York,9/5/18 16:47,377,Chatham Square,chews_cafe@mail.com,0499-718466,Chews Cafe,40.7135058,-73.9985306
08:00-21:00,San Francisco,6/5/17 5:37,112,Mcrae Ln - Golden Gate National Recreation Area,taj@gmail.com,0496-945579,Taj,None,None
12:00-20:00,New York,6/16/17 11:58,137,Morningside Dr,rubinstein_club@gmail.com,0495-178975,Rubinstein Club,40.8064255,-73.9591348
08:00-21:00,San Francisco,4/12/18 0:38,343,San Felipe Ave,battle_creek_sanitarium@yahoo.com,0495-457335,Battle Creek Sanitarium,37.7314372,-122.4624679
08:00-21:00,San Francisco,6/20/17 9:43,141,Harper St,hotel_new_weston@yahoo.com,0495-938854,Hotel New Weston,37.740753,-122.42984
12:00-20:00,New York,9/12/17 16:04,242,W 82nd St,providence_art_club@mail.com,0498-391969,Providence Art Club,40.7850879,-73.9769058
12:00-20:00,New York,10/25/18 20:51,387,Harlem River Dr,societa_la_piemontese@inbox.com,0495-910657,Societa La Piemontese,40.8187778,-73.934348
08:00-21:00,New York,12/5/18 14:44,398,Albany St,pabst@hotmail.com,0496-275105,Pabst,42.7281062,-73.8542973
12:00-20:00,San Francisco,9/2/17 17:42,231,Hiliritas Ave,town_hall@mail.com,0496-434000,Town Hall,37.7378078,-122.437491
12:00-20:00,New York,12/28/17 5:42,307,Queens Midtown Tunnel,dr_h_g_sherman@inbox.com,0497-068717,Dr. H. G. Sherman,40.7430865,-73.9611197
08:00-21:00,San Francisco,5/7/17 23:14,57,Minnesota St,geneva_society_international_society_of_hotel_employees@outlook.com,0494-817642,Geneva Society International Society Of Hotel Employees,37.7541051,-122.3898723
08:00-21:00,New York,5/15/17 9:47,76,Dyer Ave,canadian_pacific_railway_co___ss_alberta@aol.com,0495-668133,Canadian Pacific Railway Co.   S.S. Alberta,40.7540447,-73.9975485
12:00-20:00,San Francisco,11/5/17 5:15,278,El Polin Loop - Golden Gate National Recreation Area,hotel_statler@mail.com,0494-441699,Hotel Statler,None,None
12:00-20:00,New York,4/21/17 1:55,26,Barrow St,iturbide_restaurant@outlook.com,0499-616306,Iturbide Restaurant,40.731851,-74.0050606
08:00-21:00,New York,7/8/17 9:19,165,Thompson St,norge_hotel@inbox.com,0495-617859,Norge Hotel,43.0286674,-78.8763944
08:00-21:00,San Francisco,3/26/19 15:08,423,Freeman Ct,mitre_hotel@outlook.com,0499-584187,Mitre Hotel,37.7936748,-122.4099127
12:00-20:00,San Francisco,7/28/17 18:54,186,Blanche St,the_guaranty_club@gmail.com,0498-243008,The Guaranty Club,37.7531951,-122.4292501
08:00-21:00,New York,8/30/17 4:19,221,Convent Ave,hotel_ingleside_motel@aol.com,0498-763590,Hotel Ingleside Motel,40.8287321,-73.9424307
08:00-21:00,San Francisco,2/13/19 10:05,413,Clementina St,waltons_old_homestead_oyster_and_chop_house@hotmail.com,0495-034310,Waltons Old Homestead Oyster And Chop House,37.7806915,-122.4039359
08:00-21:00,San Francisco,8/10/18 0:34,370,Auburn St,louisville_&_nashville_railroaad___the_pullman_co@mail.com,0497-666392,Louisville & Nashville Railroaad   The Pullman Co.,37.7953744,-122.4123656
08:00-21:00,San Francisco,9/17/17 3:11,246,Yerba Buena Dr,barkers_restaurant_and_lunch_room@aol.com,0496-818071,Barkers Restaurant and Lunch Room,37.8101324,-122.3679339
08:00-21:00,San Francisco,8/18/17 15:07,209,Drake St,brooklyn_daily_eagle_staff@mail.com,0495-413294,Brooklyn Daily Eagle Staff,37.7081634,-122.4349721
12:00-20:00,San Francisco,5/7/17 23:03,56,Jason Ct,saratogy_racing_association@outlook.com,0494-179301,Saratogy Racing Association,37.7963871,-122.4074233
08:00-21:00,San Francisco,7/10/17 11:42,167,Folsom St,florida_postmasters_association@gmail.com,0499-468400,Florida Postmasters Association,37.78683135,-122.39568015971261
12:00-20:00,San Francisco,6/2/17 23:17,110,Cosmo Pl,hardware_and_metal_trades@mail.com,0497-381236,Hardware And Metal Trades,37.7880693,-122.4125256
08:00-21:00,New York,4/14/17 1:04,17,W 163rd St,junket_club@gmail.com,0497-162179,Junket Club,40.8358804,-73.9378384
08:00-21:00,New York,10/22/17 23:32,274,E 132nd St,metlife_building@yahoo.com,0499-503020,MetLife Building,40.8094561,-73.935711
12:00-20:00,New York,8/31/17 8:29,225,E 81st St,town_and_country@mail.com,0496-293959,Town And Country,40.6410349,-73.9181361
08:00-21:00,San Francisco,8/15/17 2:20,203,C St,brevoort_house@aol.com,0498-994926,Brevoort House,37.72493,-122.362581
12:00-20:00,New York,2/18/19 7:11,415,Duke Ellington Blvd,le_vert_galant@hotmail.com,0494-695923,Le Vert Galant,40.8012291,-73.967607
12:00-20:00,New York,4/9/17 2:10,9,Cherry St,del_coronada_hotel@yahoo.com,0499-572241,Del Coronada Hotel,40.7122675,-73.9799454
12:00-20:00,New York,6/8/17 13:23,116,Cliff St,leones@yahoo.com,0495-793323,Leones,43.1235193,-79.0548197
08:00-21:00,San Francisco,2/7/18 3:44,319,Freelon St,penn_stroud_hotel@mail.com,0498-638390,Penn Stroud Hotel,37.778425,-122.3974833
12:00-20:00,San Francisco,6/10/17 1:07,118,Belvedere St,dramaten_restaurangen@inbox.com,0494-988561,Dramaten Restaurangen,37.7626987,-122.4479936
08:00-21:00,New York,7/2/17 19:11,158,W 143rd St,the_radisson_hotels@inbox.com,0494-801377,The Radisson Hotels,40.8179469,-73.9343501
08:00-21:00,New York,1/11/18 22:36,311,Reade St,west_side_club@inbox.com,0495-442023,West Side Club,40.7159737,-74.0087202
08:00-21:00,New York,5/15/18 4:06,348,Washington Square W,kemms_cafe_and_restaurant@inbox.com,0495-953773,Kemms Cafe and Restaurant,40.7316274,-73.9991063
12:00-20:00,San Francisco,4/24/17 1:04,32,Loyola Terrace,national_association_of_photo_engravers@mail.com,0497-606847,National Association Of Photo Engravers,37.7755881,-122.4488918
12:00-20:00,New York,6/14/17 11:14,129,W 60th St,hotel_worthy@aol.com,0498-745816,Hotel Worthy,40.7706309,-73.9861926